{"cameraMode":{"drawMode":0,"name":"Shaded","section":"Shading Mode"},"sceneLighting":false,"audioPlay":false,"sceneViewState":{"showFog":true,"showMaterialUpdate":true,"showSkybox":false,"showFlares":true,"showImageEffects":true,"showParticleSystems":true},"in2DMode":false,"pivot":{"x":-2.866093158721924,"y":-0.8088855743408203,"z":-1.1007769107818604},"rotation":{"x":0.08702855557203293,"y":-0.8254541158676148,"z":0.13263671100139619,"w":0.5417499542236328},"size":7.8393144607543949,"orthographic":false}