{"cameraMode":{"drawMode":0,"name":"Shaded","section":"Shading Mode"},"sceneLighting":true,"audioPlay":false,"sceneViewState":{"showFog":true,"showMaterialUpdate":true,"showSkybox":false,"showFlares":true,"showImageEffects":true,"showParticleSystems":true},"in2DMode":false,"pivot":{"x":2.7148447036743166,"y":0.7259751558303833,"z":-10.337915420532227},"rotation":{"x":-0.004239190369844437,"y":-0.9962626695632935,"z":0.061643991619348529,"w":-0.06401898711919785},"size":11.565956115722657,"orthographic":false}