{"cameraMode":{"drawMode":0,"name":"Shaded","section":"Shading Mode"},"sceneLighting":true,"audioPlay":false,"sceneViewState":{"showFog":true,"showMaterialUpdate":true,"showSkybox":false,"showFlares":true,"showImageEffects":true,"showParticleSystems":true},"in2DMode":false,"pivot":{"x":2.5239577293395998,"y":-13.16979694366455,"z":11.415882110595704},"rotation":{"x":0.49371880292892458,"y":0.017083311453461648,"z":-0.008727353997528553,"w":0.8696813583374023},"size":16.67336082458496,"orthographic":false}