{"cameraMode":{"drawMode":0,"name":"Shaded","section":"Shading Mode"},"sceneLighting":true,"audioPlay":false,"sceneViewState":{"showFog":true,"showMaterialUpdate":true,"showSkybox":false,"showFlares":true,"showImageEffects":true,"showParticleSystems":true},"in2DMode":false,"pivot":{"x":-3.4625518321990969,"y":0.6679164171218872,"z":6.436928749084473},"rotation":{"x":-0.04700365290045738,"y":0.7656744122505188,"z":-0.05684787780046463,"w":-0.6393154859542847},"size":11.612940788269043,"orthographic":false}