{"cameraMode":{"drawMode":0,"name":"Shaded","section":"Shading Mode"},"sceneLighting":false,"audioPlay":false,"sceneViewState":{"showFog":true,"showMaterialUpdate":true,"showSkybox":false,"showFlares":true,"showImageEffects":true,"showParticleSystems":true},"in2DMode":false,"pivot":{"x":-3.958277940750122,"y":0.2212047427892685,"z":0.9558295011520386},"rotation":{"x":0.0709858238697052,"y":-0.7245038151741028,"z":0.07549292594194412,"w":0.6814616918563843},"size":9.769211769104004,"orthographic":false}