{"cameraMode":{"drawMode":0,"name":"Shaded","section":"Shading Mode"},"sceneLighting":true,"audioPlay":false,"sceneViewState":{"showFog":true,"showMaterialUpdate":true,"showSkybox":false,"showFlares":true,"showImageEffects":true,"showParticleSystems":true},"in2DMode":false,"pivot":{"x":-15.8924560546875,"y":-1.397922396659851,"z":-2.3733320236206056},"rotation":{"x":-0.052684132009744647,"y":0.7982794046401978,"z":-0.07138345390558243,"w":-0.5961057543754578},"size":16.67336082458496,"orthographic":false}